transaction_id,user_id,amount,currency,timestamp
1,1014,212.3,JPY,2024-01-14T07:59:00
1,1039,342.27,JPY,2024-01-29T19:05:00
3,1013,97.53,GBP,2024-01-08T07:36:00
4,1006,198.72,EUR,2024-01-30T02:31:00
5,1002,245.86,GBP,2024-01-26T15:21:00
6,1018,187.92,USD,2024-01-11T07:35:00
7,1025,415.37,GBP,2024-01-24T10:12:00
8,1047,304.92,EUR,2024-01-29T03:23:00
9,1045,219.43,JPY,2024-01-24T02:29:00
10,1025,141.52,JPY,2024-01-26T04:12:00
11,1004,328.73,EUR,2024-01-13T04:09:00
1,1018,213.93,USD,2024-01-20T14:56:00
13,1028,82.67,USD,2024-01-17T23:29:00
14,1043,150.35,JPY,2024-01-09T12:55:00
15,1035,351.02,EUR,2024-01-10T10:54:00
16,1020,209.41,EUR,2024-01-16T23:02:00
17,1024,421.41,JPY,2024-01-10T10:37:00
18,1028,27.82,EUR,2024-01-05T03:47:00
19,1037,-315.48,JPY,2024-01-01T16:22:00
20,1016,49.44,JPY,2024-01-07T05:16:00
21,1041,470.02,JPY,2024-01-19T04:42:00
22,1040,131.02,USD,2024-01-05T09:54:00
23,1033,190.06,EUR,2024-01-20T21:21:00
24,1037,478.22,GBP,2024-01-20T16:19:00
25,1010,238.56,GBP,2024-01-12T03:07:00
26,1042,216.68,EUR,2024-01-16T23:34:00
27,1025,29.56,EUR,2024-01-01T19:40:00
28,1007,398.77,JPY,2024-01-08T08:05:00
29,1010,104.62,JPY,2024-01-29T23:34:00
17,1042,126.59,JPY,2024-01-21T23:35:00
31,1009,10.56,USD,2024-01-21T22:34:00
32,1037,318.83,JPY,2024-01-25T09:37:00
33,1026,171.18,ABC,2024-01-18T06:02:00
34,1050,124.33,EUR,2024-01-24T14:00:00
15,1018,215.28,USD,2024-01-14T18:51:00
36,1037,266.45,JPY,2024-01-06T03:01:00
37,1008,80.87,GBP,2024-01-27T20:14:00
38,1030,143.52,USD,2024-01-30T14:36:00
39,1036,37.88,GBP,2024-01-18T12:58:00
40,1039,321.41,USD,2024-01-30T00:47:00
41,1001,312.01,GBP,2024-01-12T01:28:00
10,1032,165.94,GBP,2024-01-26T00:15:00
43,1005,284.55,USD,2024-01-13T13:04:00
44,1016,481.45,USD,2024-01-20T03:07:00
20,1012,117.42,USD,2024-01-04T21:50:00
46,1050,435.27,USD,not-a-timestamp
21,1001,400.25,USD,2024-01-19T02:17:00
48,1016,347.08,USD,2024-01-08T01:26:00
49,1030,323.51,USD,2024-01-08T14:37:00
50,1004,362.44,JPY,2024-01-24T05:39:00
51,1022,435.25,JPY,2024-01-19T17:20:00
52,1013,103.69,JPY,2024-01-12T21:59:00
53,1032,422.65,EUR,2024-01-20T11:54:00
54,1048,425.65,GBP,2024-01-19T07:59:00
55,1045,335.29,JPY,2024-01-17T23:56:00
56,1040,311.76,USD,2024-01-07T00:27:00
57,1020,370.49,EUR,2024-01-29T21:15:00
3,1017,343.51,GBP,2024-01-26T09:54:00
59,1006,132.23,EUR,2024-01-05T22:20:00
60,1025,381,EUR,2024-01-25T03:35:00
61,1010,306.14,USD,2024-01-30T09:39:00
62,1011,239.8,EUR,2024-01-19T20:13:00
63,1033,482.4,EUR,2024-01-28T21:23:00
64,1033,168.43,JPY,2024-01-01T04:12:00
65,1011,492.99,JPY,2024-01-12T19:30:00
66,1005,69.16,EUR,2024-01-17T15:15:00
67,1016,408.54,GBP,2024-01-07T08:25:00
68,1032,214.66,JPY,2024-01-22T13:24:00
69,1035,125.9,GBP,2024-01-09T16:07:00
70,1032,87.91,JPY,2024-01-12T14:59:00
71,1026,177.5,USD,2024-01-28T00:32:00
72,1036,356.55,USD,2024-01-26T04:43:00
73,1008,185.58,JPY,2024-01-19T08:54:00
74,1041,106.34,USD,2024-01-16T21:59:00
75,1047,230.66,GBP,2024-01-28T21:05:00
76,1001,52.84,ABC,2024-01-25T16:09:00
77,1049,102.68,GBP,2024-01-06T00:30:00
78,1022,82.06,JPY,2024-01-21T20:48:00
72,1010,297.02,JPY,2024-01-09T20:29:00
80,1010,,EUR,2024-01-10T02:43:00
81,1028,-351.17,EUR,2024-01-22T08:42:00
82,1008,494.03,GBP,2024-01-19T18:38:00
83,1050,178.49,EUR,2024-01-21T04:46:00
84,1021,193.31,USD,2024-01-14T16:12:00
85,1014,158.24,JPY,2024-01-20T15:52:00
86,1015,468.6,JPY,2024-01-26T16:04:00
87,1041,259.61,XXX,2024-01-14T01:59:00
88,1018,436.18,EUR,2024-01-17T02:53:00
89,1012,456.59,JPY,2024-01-21T16:04:00
90,1021,134.64,JPY,2024-01-26T17:50:00
91,1014,131.4,JPY,2024-01-24T07:32:00
92,1021,182.21,EUR,2024-01-10T12:20:00
93,1029,350.33,JPY,2024-01-14T07:28:00
94,1048,303.45,GBP,2024-01-18T11:13:00
95,1047,200.87,JPY,2024-01-11T18:09:00
96,1008,458.89,USD,2024-01-15T11:42:00
97,1040,4.2,USD,2024-01-29T00:16:00
98,1041,143.83,GBP,2024-01-28T01:42:00
99,1036,437.8,JPY,2024-01-28T22:26:00
100,1018,193.84,GBP,2024-01-28T15:46:00
101,1009,129.66,GBP,2024-01-09T12:52:00
102,1009,452.08,EUR,2024-01-21T23:04:00
103,1045,,GBP,2024-01-03T09:48:00
50,1015,344.58,EUR,2024-01-12T16:34:00
105,1019,240.32,GBP,2024-01-26T02:41:00
106,1004,39.97,GBP,2024-01-23T10:22:00
107,1017,37.81,EUR,2024-01-26T00:06:00
108,1013,436.04,GBP,2024-01-02T23:46:00
109,1001,199.73,JPY,2024-01-19T05:11:00
110,1002,445.42,USD,2024-01-26T04:58:00
111,1004,7.68,GBP,2024-01-25T16:01:00
82,1038,239.52,USD,2024-01-15T18:46:00
113,1045,69.97,EUR,2024-01-12T04:25:00
114,1014,412.58,EUR,2024-01-19T11:44:00
115,1029,468.26,GBP,2024-01-05T01:08:00
116,1040,428.82,GBP,2024-01-15T01:30:00
117,1042,82.7,USD,2024-01-06T01:24:00
118,1009,449.24,JPY,2024-01-17T10:44:00
119,1046,443.62,JPY,2024-01-22T16:00:00
120,1018,168.03,USD,2024-01-08T23:19:00
121,1032,302.26,GBP,2024-01-27T17:55:00
122,1048,177.95,GBP,2024-01-05T15:28:00
123,1028,415.06,USD,2024-01-28T19:59:00
124,1043,307.8,EUR,2024-01-08T06:51:00
125,1044,244.34,USD,2024-01-26T04:27:00
126,1014,179.82,GBP,2024-01-25T07:44:00
127,1018,400.99,USD,2024-01-19T08:49:00
128,1037,280.34,EUR,2024-01-14T23:52:00
129,1023,294.53,JPY,not-a-timestamp
130,1017,135.75,USD,2024-01-28T08:13:00
131,1008,430.99,JPY,2024-01-30T21:58:00
132,1022,162.09,EUR,2024-01-08T22:54:00
133,1020,359.47,USD,2024-01-14T02:17:00
134,1050,368.23,EUR,2024-01-26T10:10:00
135,1023,95.61,EUR,2024-01-03T05:39:00
136,1046,209.08,GBP,2024-01-19T04:13:00
137,1032,6.95,EUR,2024-01-09T18:29:00
138,1033,107.24,GBP,2024-01-15T02:29:00
139,1015,4.3,USD,2024-01-27T13:58:00
140,1021,352.83,JPY,2024-01-12T10:43:00
141,1005,277.27,USD,2024-01-06T22:53:00
142,1011,174.47,GBP,2024-01-23T13:15:00
143,1046,424.01,GBP,2024-01-12T21:38:00
144,1014,134.58,USD,2024-01-24T07:01:00
145,1046,345.33,JPY,2024-01-07T00:29:00
146,1019,332.81,USD,2024-01-26T00:26:00
147,1024,23.29,JPY,2024-01-11T00:50:00
148,1021,76.05,GBP,2024-01-09T05:47:00
22,1024,431.14,GBP,2024-01-05T16:05:00
150,1032,263.33,USD,2024-01-10T09:42:00
151,1048,127.69,USD,2024-01-25T08:12:00
152,1036,333.24,EUR,2024-01-23T17:18:00
153,1026,319.69,USD,2024-01-19T17:57:00
154,1038,488.94,EUR,2024-01-13T12:15:00
155,1037,334.69,JPY,2024-01-19T12:46:00
156,1038,287.73,GBP,2024-01-19T06:21:00
14,1035,153.46,USD,2024-01-11T04:04:00
158,1019,303.48,GBP,2024-01-17T16:50:00
159,1049,41.34,EUR,2024-01-17T06:12:00
160,1046,,JPY,2024-01-16T10:51:00
161,1005,86.52,GBP,2024-01-05T19:20:00
162,1001,383.34,USD,2024-01-16T01:29:00
163,1010,32.91,USD,2024-01-08T15:37:00
164,1003,182.36,GBP,2024-01-12T01:01:00
165,1036,250.34,GBP,2024-01-13T10:10:00
166,1008,22.61,USD,2024-01-18T04:20:00
167,1024,320.26,JPY,2024-01-02T08:10:00
168,1031,426.37,EUR,2024-01-20T06:13:00
169,1030,473.16,JPY,2024-01-23T17:22:00
170,1039,194.3,GBP,2024-01-28T00:19:00
171,1005,353.04,EUR,2024-01-07T08:34:00
172,1039,387.5,EUR,2024-01-03T01:26:00
173,1011,257.5,USD,2024-01-30T05:06:00
174,1022,248.64,USD,2024-01-19T01:14:00
175,1006,152.32,USD,2024-01-26T14:52:00
143,1045,417.22,GBP,2024-01-21T22:12:00
4,1046,473.18,JPY,2024-01-25T00:19:00
178,1050,145.38,EUR,2024-01-04T22:29:00
179,1046,149.13,USD,2024-01-26T20:14:00
180,1004,181.01,EUR,2024-01-24T13:55:00
181,1015,410.07,GBP,2024-01-01T07:35:00
182,1040,144.88,USD,2024-01-29T07:50:00
183,1018,157.55,EUR,2024-01-12T11:25:00
184,1015,182.74,USD,2024-01-19T13:45:00
185,1007,498.14,JPY,2024-01-29T12:21:00
186,1032,67,GBP,2024-01-22T15:31:00
187,1017,117.35,JPY,2024-01-23T12:31:00
160,1020,275.47,GBP,2024-01-26T09:32:00
189,1020,14.42,GBP,2024-01-13T08:42:00
190,1007,287.02,EUR,2024-01-29T22:31:00
191,1039,396.89,JPY,2024-01-22T08:14:00
192,1026,,EUR,2024-01-15T18:04:00
193,1048,141.8,JPY,2024-01-21T07:57:00
194,1020,184.7,EUR,2024-01-17T03:59:00
77,1036,299.95,JPY,2024-01-02T06:31:00
196,1013,59.49,GBP,2024-01-05T21:23:00
18,1041,174.42,EUR,2024-01-10T21:54:00
198,1049,-14.85,JPY,2024-01-03T02:34:00
199,1020,216.61,EUR,2024-01-27T02:15:00
62,1034,215.95,JPY,2024-01-19T20:24:00
201,1011,127.76,EUR,2024-01-08T11:01:00
202,1048,448.32,EUR,2024-01-03T05:33:00
203,1045,-336.49,EUR,2024-01-20T03:20:00
204,1008,388.25,USD,2024-01-24T05:57:00
205,1011,216.99,USD,2024-01-11T23:22:00
206,1021,19.52,EUR,2024-01-05T17:19:00
207,1042,61.3,EUR,2024-01-02T18:28:00
208,1028,478.94,JPY,2024-01-11T05:59:00
209,1035,247.85,JPY,2024-01-15T22:55:00
210,1018,373.45,USD,2024-01-21T08:45:00
211,1003,216.42,USD,2024-01-25T20:27:00
212,1017,348.59,USD,2024-01-07T23:21:00
213,1025,321.28,GBP,2024-01-17T23:22:00
214,1013,481.82,GBP,2024-01-29T04:41:00
215,1012,10.64,GBP,2024-01-25T07:49:00
216,1023,62.28,EUR,2024-01-08T07:11:00
217,1015,469.38,USD,2024-01-30T18:23:00
218,1043,390.26,JPY,2024-01-23T01:11:00
219,1024,423,EUR,2024-01-13T06:23:00
220,1018,444.18,JPY,2024-01-17T16:13:00
221,1041,182.16,EUR,2024-01-19T03:14:00
222,1036,242.22,USD,2024-01-09T04:55:00
223,1048,176.13,GBP,2024-01-03T19:57:00
224,1017,192.35,EUR,2024-01-13T07:07:00
225,1001,392.88,USD,2024-01-16T07:01:00
15,1011,172.95,JPY,2024-01-24T15:15:00
227,1025,309.57,USD,2024-01-01T03:08:00
228,1020,,USD,2024-01-22T04:34:00
229,1006,111.41,USD,2024-01-23T05:02:00
115,1044,307.45,EUR,2024-01-14T00:50:00
231,1029,347.1,JPY,2024-01-09T10:51:00
232,1001,478.87,USD,2024-01-02T00:39:00
233,1033,84.02,USD,2024-01-06T10:58:00
234,1047,370.63,GBP,2024-01-01T23:38:00
235,1038,342.91,EUR,2024-01-15T18:17:00
236,1011,243,USD,2024-01-24T15:57:00
237,1009,129.98,GBP,2024-01-17T02:27:00
238,1042,163.19,USD,2024-01-15T09:07:00
239,1001,436.41,EUR,2024-01-20T16:05:00
240,1035,132.65,EUR,2024-01-25T04:21:00
241,1014,460.98,JPY,2024-01-17T00:48:00
242,1043,291.55,EUR,2024-01-06T13:07:00
243,1034,404.44,JPY,2024-01-26T01:25:00
244,1017,342.83,GBP,2024-01-24T03:37:00
245,1029,28.17,GBP,2024-01-27T13:31:00
246,1042,129.36,GBP,2024-01-17T06:48:00
179,1004,153.84,USD,2024-01-17T19:43:00
248,1037,258.46,USD,2024-01-11T09:26:00
249,1014,360.6,EUR,2024-01-20T18:22:00
250,1016,147.61,JPY,2024-01-24T06:39:00
251,1006,141.68,USD,2024-01-11T09:30:00
252,1036,460.16,GBP,2024-01-13T06:23:00
253,1043,242.83,EUR,2024-01-12T22:23:00
254,1011,163.87,EUR,2024-01-23T19:26:00
255,1024,278.98,USD,2024-01-27T13:03:00
256,1040,202.61,EUR,2024-01-29T08:32:00
257,1050,396.98,EUR,2024-01-13T00:06:00
258,1036,422.15,GBP,2024-01-16T10:33:00
259,1007,473.42,JPY,2024-01-22T04:39:00
260,1037,228.84,EUR,2024-01-24T04:22:00
261,1026,202.37,GBP,2024-01-01T22:16:00
262,1024,455.32,USD,2024-01-13T05:59:00
263,1026,3.04,EUR,2024-01-20T01:23:00
264,1032,400.28,GBP,2024-01-13T12:44:00
265,1029,357.61,JPY,2024-01-23T08:10:00
266,1042,328.06,EUR,2024-01-12T13:32:00
267,1007,467.84,USD,2024-01-13T01:36:00
268,1009,318.07,EUR,not-a-timestamp
269,1008,403.06,EUR,2024-01-29T18:10:00
270,1020,45.27,USD,2024-01-16T14:17:00
271,1001,380.56,GBP,2024-01-05T18:09:00
272,1027,178.57,GBP,2024-01-14T16:43:00
273,1037,39.95,JPY,2024-01-14T01:07:00
274,1032,92.59,GBP,2024-01-10T02:31:00
275,1038,71.91,EUR,2024-01-15T14:43:00
276,1022,100.62,JPY,2024-01-30T03:34:00
277,1017,197.33,JPY,2024-01-10T14:27:00
278,1050,458.45,USD,2024-01-02T12:31:00
279,1017,1.87,EUR,2024-01-21T20:54:00
280,1026,258.14,JPY,2024-01-11T05:03:00
281,1046,157.75,USD,2024-01-18T15:40:00
282,1005,395.12,USD,2024-01-03T14:35:00
283,1048,369.94,USD,2024-01-22T12:52:00
284,1044,74.96,EUR,2024-01-16T22:35:00
285,1026,432.51,GBP,2024-01-30T15:39:00
286,1017,110.83,XXX,2024-01-27T19:56:00
287,1035,398.72,JPY,2024-01-05T10:26:00
288,1047,65.74,EUR,2024-01-21T09:44:00
289,1045,168.76,JPY,2024-01-30T18:18:00
290,1039,45.84,GBP,2024-01-15T18:07:00
291,1036,236.7,GBP,2024-01-03T06:42:00
292,1025,14.78,USD,2024-01-14T20:00:00
293,1046,96.08,GBP,2024-01-30T14:25:00
294,1014,-70.38,EUR,2024-01-04T05:26:00
295,1002,461.22,GBP,2024-01-28T07:15:00
296,1033,296.47,JPY,2024-01-05T16:40:00
297,1023,327.73,GBP,2024-01-16T17:56:00
298,1046,427.3,GBP,2024-01-06T05:42:00
299,1031,114.45,GBP,2024-01-24T02:18:00
300,1043,361.19,USD,2024-01-10T03:12:00
211,1019,446.64,EUR,2024-01-18T08:20:00
302,1022,41,JPY,2024-01-23T15:10:00
303,1045,121.75,XXX,2024-01-09T00:32:00
304,1009,497.68,JPY,2024-01-05T17:51:00
305,1035,-181.23,JPY,2024-01-09T15:50:00
306,1010,187.07,USD,2024-01-15T00:30:00
307,1034,308.11,JPY,2024-01-16T20:46:00
308,1017,135.07,USD,2024-01-14T02:15:00
309,1033,138.76,JPY,2024-01-30T08:17:00
310,1032,97.69,GBP,2024-01-23T13:26:00
311,1027,325.5,EUR,2024-01-07T01:24:00
312,1049,47.7,JPY,2024-01-07T01:45:00
313,1034,42.97,JPY,2024-01-30T19:47:00
314,1017,381.63,USD,2024-01-09T12:29:00
315,1018,473.21,USD,2024-01-29T18:10:00
316,1043,160.79,JPY,2024-01-21T00:01:00
317,1015,252.48,EUR,2024-01-27T19:17:00
318,1033,369.71,JPY,2024-01-22T19:22:00
319,1029,473.92,EUR,2024-01-10T01:33:00
320,1003,47.44,GBP,2024-01-13T22:49:00
321,1022,292.98,GBP,2024-01-30T11:25:00
322,1023,355.28,EUR,2024-01-17T18:50:00
323,1037,160.4,GBP,2024-01-20T20:21:00
324,1020,353.81,JPY,2024-01-20T17:46:00
325,1018,359.09,GBP,2024-01-12T22:40:00
326,1008,492.98,GBP,2024-01-19T07:31:00
327,1028,383.72,EUR,2024-01-08T11:26:00
328,1001,223.31,EUR,2024-01-18T08:47:00
329,1016,53.09,JPY,2024-01-10T22:19:00
330,1042,247.54,JPY,2024-01-03T02:23:00
331,1019,291.06,USD,2024-01-19T01:57:00
332,1012,354.42,EUR,2024-01-14T21:26:00
120,1045,115.72,EUR,2024-01-22T05:37:00
334,1036,474.75,USD,2024-01-11T14:58:00
335,1009,123.32,GBP,2024-01-11T23:45:00
336,1024,205.88,USD,2024-01-09T21:13:00
337,1044,409.88,USD,2024-01-30T19:03:00
338,1021,267.53,GBP,2024-01-03T07:36:00
339,1050,423.45,JPY,2024-01-03T03:15:00
340,1040,67.55,USD,2024-01-27T01:03:00
341,1008,422.07,JPY,2024-01-11T19:37:00
342,1018,69.01,JPY,2024-01-05T00:44:00
343,1003,474.25,GBP,2024-01-02T23:42:00
344,1006,299.87,USD,2024-01-18T20:06:00
345,1036,159.86,GBP,2024-01-19T19:28:00
221,1004,334.66,GBP,2024-01-13T01:37:00
347,1024,483.01,EUR,2024-01-26T11:03:00
348,1021,407.44,EUR,2024-01-05T15:38:00
349,1034,491.3,JPY,2024-01-28T14:37:00
350,1027,140.52,GBP,2024-01-11T02:37:00
351,1024,404.24,GBP,2024-01-21T02:49:00
352,1049,232.55,JPY,2024-01-08T21:06:00
353,1041,79.07,GBP,2024-01-14T14:57:00
354,1021,102.97,GBP,2024-01-06T07:12:00
355,1032,305.71,JPY,2024-01-08T02:55:00
356,1050,298.16,GBP,2024-01-29T03:56:00
357,1002,290.09,EUR,2024-01-09T09:59:00
358,1009,96.07,EUR,2024-01-05T09:28:00
359,1039,319.61,EUR,2024-01-21T22:33:00
360,1036,377.13,EUR,2024-01-07T00:08:00
361,1040,-105.79,USD,2024-01-03T05:01:00
362,1044,217.89,EUR,2024-01-24T13:07:00
363,1044,,EUR,2024-01-08T01:46:00
364,1048,375.09,USD,2024-01-14T21:08:00
365,1011,183.36,USD,2024-01-03T20:01:00
366,1010,433.44,JPY,not-a-timestamp
367,1012,403.38,GBP,2024-01-21T00:27:00
368,1044,41.54,GBP,2024-01-16T07:22:00
369,1048,308,JPY,2024-01-15T19:20:00
370,1019,62.6,GBP,2024-01-22T01:24:00
371,1039,-351.79,JPY,2024-01-25T22:15:00
166,1037,310.07,GBP,2024-01-20T19:27:00
373,1024,1.3,XXX,2024-01-26T21:55:00
374,1008,292.81,USD,2024-01-04T10:02:00
375,1034,344.04,EUR,2024-01-15T16:13:00
376,1030,101.57,JPY,2024-01-22T06:53:00
377,1034,313.07,GBP,2024-01-18T15:50:00
378,1050,266.95,EUR,2024-01-23T23:22:00
379,1003,439.78,JPY,2024-01-10T23:50:00
380,1036,445.28,JPY,2024-01-06T12:16:00
381,1044,112.9,JPY,2024-01-25T01:13:00
382,1043,47.29,GBP,2024-01-03T08:14:00
383,1022,117.15,USD,2024-01-27T07:21:00
111,1005,201.65,JPY,2024-01-28T19:05:00
385,1014,207.32,GBP,2024-01-16T14:36:00
386,1033,76,JPY,2024-01-19T08:40:00
11,1047,,EUR,2024-01-25T00:46:00
388,1023,232.15,EUR,2024-01-18T03:24:00
338,1011,94.89,GBP,2024-01-02T20:56:00
390,1044,215.09,JPY,2024-01-10T07:26:00
391,1038,484.68,USD,2024-01-13T10:10:00
392,1049,-139.92,JPY,2024-01-06T05:08:00
393,1029,149.05,GBP,2024-01-14T05:29:00
394,1025,21.67,EUR,2024-01-25T01:47:00
395,1017,20.64,JPY,2024-01-21T14:50:00
396,1012,246.21,JPY,2024-01-05T20:58:00
397,1018,53.81,USD,2024-01-15T10:05:00
398,1050,203.18,JPY,2024-01-09T02:08:00
399,1020,-354.33,GBP,2024-01-07T18:43:00
400,1036,336.95,USD,2024-01-24T06:15:00
401,1038,486.64,GBP,2024-01-01T18:59:00
402,1016,357.44,JPY,2024-01-09T03:18:00
82,1036,225.48,EUR,2024-01-16T17:22:00
404,1045,434.75,JPY,2024-01-07T19:02:00
405,1033,242.66,EUR,2024-01-10T02:52:00
406,1043,472.37,JPY,2024-01-28T14:37:00
407,1033,491.87,GBP,2024-01-04T12:54:00
408,1023,232.2,GBP,2024-01-07T13:34:00
160,1012,288.03,JPY,2024-01-10T03:42:00
253,1033,323.67,JPY,2024-01-10T05:24:00
411,1026,239.23,EUR,2024-01-22T19:25:00
412,1015,468.2,GBP,2024-01-25T22:39:00
258,1039,294.68,JPY,2024-01-27T19:07:00
414,1040,190.4,GBP,2024-01-12T13:50:00
415,1046,440.92,USD,2024-01-17T02:52:00
416,1025,348.55,EUR,2024-01-12T10:40:00
417,1028,40.34,JPY,2024-01-07T12:52:00
418,1024,457.99,GBP,2024-01-14T21:03:00
419,1017,203.14,GBP,2024-01-11T11:51:00
420,1029,20.53,JPY,2024-01-13T10:22:00
421,1017,194.91,JPY,2024-01-03T04:44:00
422,1041,10.16,USD,2024-01-01T01:49:00
423,1007,221.83,JPY,2024-01-14T01:23:00
424,1030,244.31,JPY,2024-01-23T00:25:00
425,1002,67.79,JPY,2024-01-04T19:49:00
426,1004,301.03,USD,2024-01-27T05:07:00
427,1020,209.73,XXX,2024-01-21T13:39:00
428,1043,491.09,JPY,2024-01-05T19:07:00
429,1022,26.06,USD,2024-01-02T17:31:00
430,1042,253.93,GBP,2024-01-22T13:32:00
431,1043,367.41,GBP,2024-01-30T13:41:00
432,1032,413.56,EUR,2024-01-03T13:52:00
433,1005,312.04,EUR,2024-01-04T06:00:00
434,1041,207.38,GBP,2024-01-19T13:55:00
435,1012,,GBP,2024-01-28T01:06:00
436,1013,376.16,EUR,2024-01-11T08:02:00
437,1043,330.95,GBP,2024-01-12T23:23:00
438,1034,2.77,USD,2024-01-28T13:38:00
439,1025,165.6,GBP,2024-01-25T10:49:00
440,1011,30.57,USD,2024-01-04T09:45:00
441,1030,100.46,USD,2024-01-25T06:18:00
379,1009,413.05,USD,2024-01-13T01:18:00
443,1048,9.82,EUR,2024-01-22T04:30:00
444,1036,334.2,GBP,2024-01-05T21:01:00
445,1025,322.08,JPY,2024-01-02T00:34:00
446,1003,202.36,USD,2024-01-13T02:48:00
447,1007,39.78,JPY,not-a-timestamp
448,1049,390.14,JPY,2024-01-17T21:44:00
449,1016,207.87,EUR,2024-01-20T22:03:00
450,1002,482.32,USD,2024-01-23T01:55:00
451,1031,331.72,GBP,2024-01-04T05:02:00
452,1038,471.35,XXX,2024-01-10T10:39:00
453,1028,151.91,EUR,2024-01-07T16:39:00
454,1048,489.39,USD,2024-01-26T12:24:00
455,1008,454.28,GBP,2024-01-02T06:56:00
456,1016,217.85,USD,2024-01-23T02:00:00
457,1013,208.89,EUR,2024-01-11T05:48:00
458,1050,,GBP,2024-01-12T18:17:00
459,1010,479.85,GBP,2024-01-04T23:09:00
460,1024,87.68,USD,2024-01-13T07:34:00
461,1030,493.24,USD,2024-01-30T11:21:00
462,1015,269.98,JPY,2024-01-10T11:34:00
267,1028,400.78,GBP,2024-01-26T22:03:00
464,1020,64.28,EUR,2024-01-26T07:28:00
465,1035,,GBP,2024-01-13T10:16:00
466,1038,436.59,JPY,2024-01-14T12:49:00
467,1044,60.12,USD,2024-01-03T08:22:00
468,1043,485.54,GBP,2024-01-02T16:02:00
469,1016,369.24,XXX,2024-01-03T04:09:00
470,1005,156.59,GBP,2024-01-19T04:27:00
471,1028,286.67,GBP,2024-01-25T19:04:00
472,1016,438.72,EUR,2024-01-05T08:46:00
473,1050,56.83,EUR,2024-01-11T00:53:00
474,1001,413.64,EUR,2024-01-03T21:19:00
475,1027,442.15,JPY,2024-01-29T23:50:00
476,1027,171.88,USD,2024-01-29T11:34:00
477,1012,467.38,USD,2024-01-27T04:32:00
478,1021,299.9,EUR,2024-01-25T11:30:00
386,1046,193.53,EUR,2024-01-25T06:04:00
480,1047,158.92,EUR,2024-01-24T00:50:00
481,1045,193.95,USD,2024-01-11T12:31:00
482,1024,187.09,XXX,2024-01-10T10:12:00
483,1018,287.27,JPY,2024-01-14T08:12:00
484,1028,83.81,USD,2024-01-22T17:08:00
485,1017,414.76,JPY,2024-01-07T10:33:00
486,1024,452.52,USD,2024-01-29T09:26:00
487,1010,434.58,USD,2024-01-01T10:52:00
488,1006,166.47,EUR,2024-01-24T14:15:00
489,1034,76.69,USD,not-a-timestamp
490,1041,185.04,JPY,2024-01-24T03:05:00
491,1027,226.06,GBP,2024-01-25T13:59:00
492,1026,52.83,JPY,2024-01-27T21:41:00
493,1034,309.02,GBP,2024-01-10T10:38:00
494,1014,4.45,EUR,2024-01-18T14:26:00
495,1002,48.43,EUR,2024-01-10T19:28:00
496,1023,34.83,JPY,2024-01-16T08:09:00
497,1019,470.5,JPY,2024-01-01T12:54:00
498,1034,133.25,JPY,2024-01-18T11:23:00
499,1022,61.7,EUR,2024-01-28T10:43:00
500,1031,158.74,JPY,2024-01-21T07:01:00
501,1006,174.48,EUR,not-a-timestamp
502,1032,4.13,ABC,2024-01-05T11:24:00
503,1016,210.2,USD,2024-01-23T23:01:00
504,1002,229.91,GBP,2024-01-21T16:08:00
505,1046,351.18,USD,2024-01-24T20:09:00
506,1020,455.89,GBP,2024-01-13T22:13:00
507,1013,403.2,GBP,2024-01-13T22:20:00
494,1026,317.62,JPY,2024-01-07T03:08:00
509,1025,349.71,EUR,2024-01-19T03:59:00
283,1013,400.83,USD,2024-01-16T01:22:00
511,1039,182.51,EUR,2024-01-14T05:26:00
512,1050,264.74,JPY,2024-01-24T01:30:00
513,1014,48.73,GBP,2024-01-01T23:00:00
514,1022,474.83,EUR,2024-01-30T10:07:00
515,1016,186.38,GBP,2024-01-08T12:31:00
117,1035,84.16,JPY,2024-01-10T17:22:00
164,1011,168.21,JPY,2024-01-19T18:11:00
518,1024,300.49,EUR,2024-01-07T11:39:00
519,1004,,GBP,2024-01-02T19:32:00
520,1027,227.69,GBP,2024-01-28T13:37:00
521,1015,205.35,USD,2024-01-29T00:27:00
4,1033,362.2,EUR,2024-01-14T19:03:00
523,1001,13.59,JPY,2024-01-05T11:18:00
524,1015,367.29,JPY,2024-01-13T20:29:00
489,1011,381.81,GBP,2024-01-22T09:34:00
526,1040,388.8,USD,2024-01-20T22:16:00
527,1006,60.58,EUR,2024-01-22T18:36:00
528,1046,71.33,GBP,2024-01-01T20:16:00
529,1024,-229.37,JPY,2024-01-24T16:17:00
530,1027,446.21,JPY,2024-01-30T02:09:00
531,1042,126.56,JPY,2024-01-06T08:18:00
532,1026,386.1,EUR,2024-01-05T09:27:00
533,1027,168.18,USD,2024-01-04T06:34:00
534,1042,444.9,GBP,2024-01-18T10:52:00
535,1002,248.21,USD,2024-01-15T23:14:00
536,1048,459.64,JPY,2024-01-27T02:23:00
537,1023,422.34,JPY,2024-01-09T13:59:00
538,1045,104.64,EUR,2024-01-26T02:33:00
539,1028,126.85,USD,2024-01-22T14:16:00
540,1033,353.71,EUR,2024-01-14T03:54:00
541,1030,218.81,EUR,2024-01-05T05:52:00
542,1015,421.15,USD,2024-01-15T12:42:00
543,1046,446.06,EUR,2024-01-17T19:27:00
544,1036,239.92,GBP,2024-01-23T18:55:00
545,1010,65.69,USD,2024-01-13T10:48:00
546,1040,358.87,GBP,2024-01-09T18:14:00
547,1028,48.12,JPY,2024-01-07T16:55:00
548,1017,64.21,EUR,2024-01-28T15:04:00
549,1020,461.29,USD,2024-01-21T06:11:00
550,1037,374.79,JPY,2024-01-27T13:24:00
551,1049,304.64,JPY,2024-01-15T05:20:00
552,1048,169.27,EUR,2024-01-02T02:41:00
553,1045,34.9,JPY,2024-01-10T23:27:00
554,1039,76.7,USD,2024-01-03T22:13:00
555,1036,316.16,EUR,2024-01-01T14:18:00
556,1002,481.77,GBP,2024-01-18T07:31:00
557,1007,336.79,USD,2024-01-28T19:08:00
490,1021,477.06,GBP,2024-01-12T21:06:00
559,1034,98.92,EUR,2024-01-18T02:19:00
560,1035,304.98,JPY,2024-01-07T11:04:00
17,1024,300.07,EUR,2024-01-11T04:40:00
562,1038,284.62,GBP,2024-01-12T12:30:00
563,1020,257.6,GBP,2024-01-11T03:35:00
278,1001,483.43,GBP,2024-01-23T09:03:00
565,1030,338.35,EUR,2024-01-20T07:38:00
566,1018,406.6,GBP,2024-01-11T14:20:00
567,1006,162.27,JPY,2024-01-19T04:11:00
568,1025,245.18,JPY,2024-01-24T10:41:00
569,1032,17.64,GBP,2024-01-04T08:58:00
570,1043,311.38,EUR,2024-01-09T09:53:00
571,1013,344.43,JPY,2024-01-24T17:05:00
572,1016,240.46,JPY,2024-01-15T15:56:00
573,1013,68.22,USD,2024-01-29T09:21:00
574,1040,87.51,GBP,2024-01-04T01:07:00
575,1016,383.29,EUR,2024-01-25T23:19:00
576,1004,416.27,USD,2024-01-19T01:19:00
577,1040,304.2,USD,2024-01-04T15:35:00
578,1014,45.32,USD,2024-01-08T12:59:00
579,1026,333.3,EUR,2024-01-20T01:16:00
580,1040,130.99,USD,2024-01-22T22:58:00
581,1002,37.91,JPY,2024-01-30T07:54:00
582,1004,311.98,GBP,2024-01-04T20:42:00
583,1029,317.5,JPY,2024-01-29T01:07:00
584,1033,11.96,EUR,2024-01-30T19:50:00
110,1031,492.6,JPY,2024-01-13T14:32:00
586,1047,378.15,XXX,2024-01-05T05:04:00
587,1020,114.19,JPY,2024-01-19T12:01:00
264,1041,487.94,GBP,2024-01-15T14:23:00
589,1037,182.86,JPY,2024-01-20T11:16:00
590,1011,450.72,GBP,2024-01-08T07:20:00
591,1005,429.85,EUR,2024-01-18T22:51:00
592,1050,402.14,EUR,2024-01-11T13:15:00
68,1048,111.31,GBP,2024-01-26T17:01:00
594,1006,16.31,GBP,2024-01-21T18:16:00
595,1003,30.33,USD,2024-01-06T14:56:00
596,1034,60.56,USD,2024-01-07T11:40:00
597,1020,467.12,EUR,2024-01-18T01:03:00
331,1013,411.52,EUR,2024-01-06T12:24:00
599,1009,55.83,GBP,2024-01-13T10:22:00
600,1017,67.58,EUR,2024-01-08T18:26:00
601,1014,26.02,JPY,2024-01-22T03:15:00
602,1040,435.25,GBP,2024-01-23T09:06:00
120,1006,81.95,GBP,2024-01-19T11:25:00
604,1043,466.77,EUR,2024-01-12T08:22:00
605,1030,390.29,XXX,2024-01-16T18:23:00
606,1002,400.67,GBP,2024-01-04T04:24:00
296,1047,131.16,JPY,2024-01-03T05:01:00
608,1025,356.87,EUR,2024-01-28T14:10:00
609,1041,471.7,USD,2024-01-11T19:26:00
610,1003,387.44,EUR,2024-01-03T01:44:00
611,1046,352.77,EUR,2024-01-19T15:26:00
612,1026,191.53,USD,2024-01-08T08:53:00
613,1023,457.64,JPY,2024-01-15T15:19:00
614,1009,254.81,EUR,2024-01-29T19:40:00
599,1015,197.48,GBP,2024-01-04T11:18:00
616,1004,269.26,USD,2024-01-12T04:12:00
617,1012,255.26,EUR,2024-01-11T18:52:00
618,1048,320.43,USD,2024-01-11T10:33:00
619,1006,-299.2,USD,2024-01-29T04:27:00
620,1046,443.77,GBP,2024-01-14T18:25:00
621,1003,301.76,EUR,2024-01-24T06:10:00
622,1017,298.33,EUR,2024-01-17T17:28:00
623,1041,287.19,EUR,2024-01-20T21:30:00
624,1026,129.69,JPY,2024-01-28T15:17:00
625,1010,306.11,GBP,2024-01-25T15:49:00
626,1023,246.62,GBP,2024-01-07T12:31:00
627,1016,149.13,JPY,2024-01-09T05:51:00
628,1011,175.19,USD,2024-01-26T09:41:00
629,1047,65.49,GBP,2024-01-05T18:59:00
552,1050,446,EUR,2024-01-25T15:15:00
631,1015,201.29,GBP,2024-01-24T10:13:00
632,1018,482.88,EUR,2024-01-20T16:48:00
633,1046,205.9,USD,2024-01-18T12:27:00
634,1022,199.85,EUR,2024-01-11T07:30:00
635,1044,278.33,EUR,2024-01-03T03:36:00
636,1001,497.57,USD,2024-01-07T03:36:00
637,1008,361.52,USD,2024-01-14T17:46:00
638,1045,315.31,JPY,2024-01-11T23:11:00
490,1022,85,USD,2024-01-24T18:11:00
640,1023,430.74,GBP,2024-01-24T09:40:00
641,1043,91.77,EUR,2024-01-07T08:05:00
642,1037,362.85,USD,2024-01-16T08:02:00
643,1007,150.19,EUR,2024-01-05T21:13:00
644,1001,296.4,USD,2024-01-23T16:56:00
645,1013,454.06,JPY,2024-01-06T10:03:00
646,1011,403.54,USD,2024-01-07T07:25:00
647,1039,168.3,JPY,2024-01-20T20:28:00
648,1047,134.65,USD,2024-01-28T13:36:00
649,1020,120.87,GBP,2024-01-09T14:55:00
650,1012,218.19,GBP,2024-01-20T20:55:00
651,1010,427.1,EUR,2024-01-17T12:20:00
652,1018,165.87,USD,2024-01-27T01:00:00
653,1046,305.43,USD,2024-01-12T09:14:00
654,1023,200.35,USD,2024-01-29T03:12:00
655,1031,110.48,USD,2024-01-20T13:15:00
656,1018,5.65,USD,2024-01-01T14:30:00
657,1011,267.65,JPY,2024-01-05T08:42:00
658,1037,411.52,JPY,2024-01-11T06:05:00
659,1033,348.35,EUR,2024-01-01T02:11:00
660,1029,437.06,USD,2024-01-30T14:17:00
661,1048,185.69,USD,2024-01-20T21:34:00
662,1044,208.84,GBP,2024-01-28T23:55:00
663,1038,400.43,USD,not-a-timestamp
664,1018,446.09,GBP,2024-01-13T12:25:00
665,1022,332.31,JPY,2024-01-30T21:23:00
666,1029,234.12,GBP,2024-01-20T01:20:00
667,1001,468.14,USD,2024-01-17T08:08:00
668,1021,256.08,GBP,2024-01-24T04:43:00
669,1028,27.04,EUR,2024-01-11T06:46:00
670,1029,421.21,USD,2024-01-29T18:51:00
671,1007,13.13,XXX,2024-01-13T11:31:00
672,1002,441.24,USD,2024-01-08T03:55:00
673,1028,288.79,EUR,2024-01-30T04:33:00
674,1011,468.62,JPY,2024-01-20T20:59:00
675,1025,60.93,USD,2024-01-23T20:35:00
676,1038,187.52,USD,2024-01-09T07:12:00
677,1007,342.29,EUR,2024-01-11T05:56:00
678,1018,97.57,GBP,2024-01-07T00:40:00
679,1047,54.27,JPY,2024-01-04T12:57:00
680,1038,455.55,JPY,2024-01-07T18:51:00
681,1011,399.6,EUR,2024-01-30T17:35:00
682,1040,341.31,EUR,2024-01-09T11:06:00
683,1008,209.96,USD,2024-01-30T07:02:00
684,1001,489.92,EUR,2024-01-26T13:37:00
685,1024,-492.63,EUR,2024-01-22T10:09:00
686,1042,234.74,USD,2024-01-30T01:29:00
687,1011,270.11,JPY,2024-01-30T00:43:00
688,1002,314.18,EUR,2024-01-08T14:02:00
689,1047,38.99,GBP,2024-01-15T08:56:00
690,1034,79.86,USD,2024-01-04T05:59:00
691,1048,9.01,EUR,2024-01-14T10:47:00
692,1040,445.49,JPY,2024-01-27T08:25:00
693,1011,83.27,EUR,2024-01-26T23:41:00
694,1022,88.43,GBP,2024-01-23T18:18:00
695,1045,390.53,ABC,2024-01-21T11:00:00
597,1045,78.92,JPY,2024-01-25T07:14:00
697,1021,51.01,EUR,2024-01-05T14:15:00
698,1033,214.71,USD,2024-01-06T15:34:00
699,1048,495.92,EUR,2024-01-29T00:48:00
700,1047,176.09,GBP,2024-01-02T12:05:00
701,1019,131.86,GBP,2024-01-08T03:42:00
702,1015,463.95,JPY,2024-01-02T02:12:00
703,1023,498.54,GBP,2024-01-27T11:00:00
704,1005,288.6,GBP,2024-01-11T01:07:00
705,1022,443.7,GBP,2024-01-07T23:05:00
706,1010,446.92,GBP,2024-01-14T04:30:00
707,1022,468.09,JPY,2024-01-24T03:50:00
708,1047,396.69,EUR,2024-01-20T16:28:00
709,1032,372.5,EUR,2024-01-23T23:06:00
710,1023,240.06,GBP,2024-01-09T22:01:00
711,1047,72.01,USD,2024-01-01T11:22:00
712,1048,480.63,USD,2024-01-01T17:25:00
713,1010,30.04,EUR,2024-01-12T13:53:00
714,1031,26.25,XXX,2024-01-30T14:20:00
715,1030,140.61,USD,2024-01-29T22:32:00
716,1044,458.54,EUR,2024-01-22T17:13:00
11,1038,300.36,JPY,2024-01-22T11:10:00
718,1046,276.89,USD,2024-01-30T03:46:00
719,1017,227.03,JPY,2024-01-10T23:08:00
720,1014,39.1,GBP,2024-01-17T04:22:00
721,1009,370.65,EUR,2024-01-29T09:43:00
722,1042,119.62,GBP,2024-01-02T02:50:00
723,1049,225.93,JPY,2024-01-30T21:01:00
724,1043,215.24,GBP,2024-01-12T14:12:00
725,1033,96.03,GBP,2024-01-22T00:55:00
726,1019,266.54,USD,2024-01-08T12:10:00
727,1026,479.97,USD,2024-01-04T11:21:00
688,1031,150.11,GBP,2024-01-05T14:13:00
729,1037,404.84,USD,2024-01-02T09:32:00
730,1002,,GBP,2024-01-23T23:01:00
731,1026,116.15,USD,2024-01-19T09:26:00
732,1045,200.1,JPY,2024-01-27T07:19:00
733,1006,340.47,USD,2024-01-17T12:16:00
734,1026,331.98,GBP,2024-01-11T03:31:00
735,1033,153.57,JPY,2024-01-25T07:02:00
736,1016,495.88,USD,2024-01-25T09:59:00
737,1029,336.78,EUR,2024-01-05T17:28:00
291,1049,52.46,GBP,2024-01-16T20:29:00
739,1014,153.44,USD,2024-01-17T22:36:00
74,1010,262.8,GBP,2024-01-11T01:07:00
741,1024,491.17,JPY,2024-01-09T14:17:00
736,1007,44.8,GBP,2024-01-29T08:13:00
743,1020,452.72,GBP,2024-01-19T02:21:00
744,1043,142.07,JPY,2024-01-30T20:09:00
745,1005,150.01,JPY,2024-01-28T19:42:00
746,1040,206.36,USD,2024-01-24T01:29:00
747,1045,183.68,USD,2024-01-21T05:19:00
748,1003,472.26,GBP,2024-01-19T13:42:00
749,1025,104.72,JPY,2024-01-07T10:28:00
750,1025,144.39,JPY,2024-01-07T08:53:00
751,1028,341.4,GBP,2024-01-12T16:14:00
752,1047,291.7,JPY,2024-01-12T04:25:00
753,1032,496.7,USD,2024-01-12T16:30:00
754,1041,493.45,GBP,2024-01-12T18:13:00
755,1044,269.44,JPY,2024-01-30T13:19:00
756,1001,269.44,GBP,2024-01-23T07:44:00
757,1004,98.31,JPY,2024-01-20T02:49:00
758,1001,167.24,JPY,2024-01-22T15:07:00
759,1022,442.24,JPY,2024-01-11T20:11:00
760,1043,201.58,USD,2024-01-17T15:34:00
761,1029,379.62,JPY,2024-01-23T17:45:00
762,1033,395.51,JPY,2024-01-02T21:02:00
763,1036,300.56,GBP,2024-01-25T06:52:00
764,1007,190.37,GBP,2024-01-25T21:44:00
765,1025,50.24,EUR,2024-01-08T06:25:00
766,1010,138.03,EUR,2024-01-02T10:46:00
767,1023,494.54,JPY,2024-01-02T02:25:00
768,1029,355.61,JPY,2024-01-27T16:34:00
3,1026,178.47,USD,2024-01-30T09:33:00
770,1044,460.49,USD,2024-01-04T07:43:00
771,1013,107.24,GBP,2024-01-10T17:51:00
772,1020,440.58,JPY,2024-01-23T09:55:00
773,1009,301.04,EUR,2024-01-07T22:04:00
774,1034,196.52,GBP,2024-01-26T13:19:00
775,1019,416.05,GBP,2024-01-18T23:22:00
776,1044,371.25,EUR,2024-01-03T03:41:00
777,1032,342.09,EUR,2024-01-11T18:40:00
778,1044,300.3,EUR,2024-01-23T16:36:00
779,1030,20.58,JPY,2024-01-20T03:02:00
243,1010,185.92,JPY,2024-01-29T06:14:00
781,1028,209.83,GBP,2024-01-09T13:01:00
782,1029,406.61,GBP,2024-01-06T20:58:00
783,1050,90.85,USD,2024-01-30T13:50:00
784,1048,332.31,EUR,2024-01-14T16:58:00
785,1008,495.41,JPY,2024-01-26T02:49:00
786,1022,63.68,EUR,2024-01-06T01:34:00
787,1004,133.75,GBP,2024-01-15T18:03:00
788,1028,228.84,EUR,2024-01-26T23:46:00
789,1018,265.21,EUR,2024-01-17T23:14:00
790,1028,317.7,USD,2024-01-28T16:22:00
791,1006,25.92,JPY,2024-01-04T22:46:00
792,1029,215.46,USD,2024-01-08T15:40:00
793,1031,296.45,GBP,2024-01-25T12:34:00
794,1013,398.35,GBP,2024-01-18T00:27:00
795,1043,237.69,GBP,2024-01-12T19:41:00
796,1022,9.06,EUR,2024-01-29T00:40:00
797,1040,246.13,GBP,2024-01-29T00:03:00
798,1017,391.39,EUR,2024-01-17T07:24:00
799,1025,97.6,JPY,2024-01-22T09:18:00
800,1011,280.77,USD,2024-01-15T18:57:00
801,1044,,JPY,2024-01-03T23:22:00
802,1043,59.74,JPY,2024-01-04T17:47:00
803,1025,293.83,USD,2024-01-01T21:54:00
804,1009,181.24,JPY,2024-01-06T03:12:00
805,1015,398.73,GBP,2024-01-12T00:35:00
806,1046,36.37,USD,2024-01-02T01:42:00
807,1049,419.82,JPY,2024-01-20T00:30:00
808,1044,-10.95,GBP,2024-01-05T18:35:00
809,1033,338.69,GBP,2024-01-17T12:42:00
810,1015,19.37,EUR,2024-01-12T17:11:00
811,1039,448.36,EUR,2024-01-14T13:00:00
812,1023,205.25,JPY,2024-01-21T19:27:00
813,1022,290.68,JPY,2024-01-15T18:52:00
814,1020,316.92,EUR,2024-01-26T10:57:00
815,1035,354.76,USD,2024-01-07T03:22:00
816,1048,466.61,JPY,2024-01-26T23:09:00
817,1010,330.4,JPY,2024-01-07T23:48:00
818,1010,319.99,USD,2024-01-15T01:21:00
580,1046,147.52,EUR,2024-01-28T19:07:00
820,1007,364.36,USD,2024-01-23T23:14:00
821,1007,496.46,USD,2024-01-15T23:11:00
822,1050,174.43,USD,2024-01-02T07:44:00
823,1041,479.37,GBP,2024-01-06T11:18:00
824,1042,147.53,JPY,2024-01-17T20:00:00
825,1050,360.32,USD,2024-01-24T16:52:00
826,1003,446.41,USD,2024-01-13T08:13:00
827,1013,309.89,JPY,2024-01-22T04:40:00
828,1029,44.1,USD,2024-01-01T12:30:00
829,1031,120.44,EUR,2024-01-06T17:25:00
830,1015,241.07,GBP,2024-01-17T13:53:00
831,1020,444.63,USD,2024-01-17T14:11:00
832,1022,168.51,EUR,2024-01-06T06:34:00
833,1040,444.78,JPY,2024-01-27T17:02:00
834,1010,265.79,GBP,2024-01-15T03:31:00
835,1033,358.14,USD,2024-01-29T02:43:00
836,1034,443.52,USD,2024-01-15T06:02:00
837,1037,45.09,JPY,not-a-timestamp
838,1025,98.1,GBP,2024-01-26T09:36:00
839,1036,54.68,EUR,2024-01-16T02:20:00
840,1028,466.54,GBP,2024-01-11T12:01:00
841,1018,472.33,GBP,not-a-timestamp
842,1022,245.82,JPY,2024-01-25T12:06:00
843,1016,491.44,JPY,2024-01-05T00:26:00
844,1034,284.45,GBP,2024-01-14T03:38:00
845,1024,12.56,EUR,2024-01-04T03:01:00
846,1010,143.97,USD,2024-01-12T21:14:00
847,1003,60.75,USD,2024-01-02T03:06:00
848,1028,218.97,JPY,2024-01-16T12:12:00
849,1006,142.67,EUR,2024-01-23T00:54:00
701,1022,61.98,EUR,2024-01-03T04:21:00
851,1048,83.36,EUR,2024-01-16T00:38:00
852,1031,277.97,JPY,2024-01-12T15:11:00
853,1032,1.61,EUR,2024-01-18T03:51:00
854,1006,105.71,JPY,2024-01-24T01:19:00
855,1006,40.44,EUR,2024-01-24T09:39:00
856,1035,59.72,USD,2024-01-19T20:48:00
857,1042,402.9,USD,2024-01-18T08:27:00
858,1008,91.57,GBP,2024-01-30T09:15:00
859,1025,154.52,EUR,2024-01-17T13:39:00
860,1020,262.87,GBP,2024-01-09T04:03:00
861,1010,319.92,JPY,2024-01-24T05:30:00
862,1017,276.51,USD,2024-01-06T13:09:00
863,1019,287.15,JPY,2024-01-01T12:39:00
864,1023,20.55,JPY,2024-01-23T20:23:00
865,1030,447.58,GBP,2024-01-17T08:19:00
866,1008,390.37,USD,2024-01-08T16:38:00
867,1011,98.7,JPY,2024-01-23T07:33:00
853,1008,64.17,EUR,2024-01-21T09:03:00
869,1034,77.29,GBP,2024-01-24T06:17:00
870,1027,407.17,EUR,2024-01-09T22:00:00
871,1045,281.74,EUR,2024-01-29T04:13:00
872,1048,127.87,EUR,2024-01-06T17:43:00
873,1020,405.34,USD,2024-01-14T18:33:00
535,1050,415.3,JPY,2024-01-18T20:46:00
875,1028,69.85,GBP,2024-01-25T17:43:00
876,1004,407.03,GBP,2024-01-29T07:51:00
877,1019,59.39,GBP,2024-01-16T15:08:00
878,1040,332.7,JPY,2024-01-22T09:38:00
879,1036,172.79,USD,2024-01-07T12:00:00
880,1017,21.63,USD,2024-01-17T19:09:00
881,1012,267.47,EUR,2024-01-30T05:44:00
882,1025,167,USD,2024-01-29T07:51:00
883,1041,119.89,EUR,2024-01-30T07:21:00
884,1033,463.57,JPY,not-a-timestamp
885,1012,207.71,USD,2024-01-01T04:50:00
886,1040,499.25,USD,2024-01-25T01:21:00
887,1041,147.99,GBP,2024-01-08T17:20:00
888,1035,423.97,JPY,2024-01-26T23:10:00
889,1013,149.27,USD,2024-01-02T16:45:00
890,1031,51.17,GBP,2024-01-13T08:51:00
891,1034,208.84,USD,2024-01-16T23:27:00
892,1025,319.56,JPY,2024-01-23T22:52:00
893,1022,338.17,EUR,2024-01-02T15:16:00
894,1039,126.38,XXX,2024-01-19T22:30:00
895,1047,489.68,USD,2024-01-04T18:44:00
896,1010,205.58,EUR,2024-01-03T04:56:00
897,1037,38.42,JPY,2024-01-30T06:34:00
898,1027,491.89,USD,2024-01-20T19:48:00
103,1001,393.4,JPY,2024-01-05T09:23:00
900,1021,401.7,GBP,2024-01-20T17:28:00
901,1036,89.56,GBP,2024-01-23T02:54:00
902,1003,308.4,GBP,2024-01-11T01:05:00
903,1016,178.83,GBP,2024-01-25T04:41:00
904,1025,258.68,USD,2024-01-02T14:42:00
905,1011,215.24,JPY,2024-01-25T21:23:00
906,1036,151.11,GBP,2024-01-04T16:25:00
907,1023,425.99,JPY,2024-01-21T23:51:00
908,1047,276.2,JPY,2024-01-09T15:55:00
909,1011,113.16,EUR,2024-01-19T17:48:00
910,1007,21.68,EUR,2024-01-20T19:53:00
911,1004,354.31,USD,2024-01-25T12:30:00
912,1035,318.05,EUR,2024-01-19T13:39:00
913,1037,409.4,EUR,2024-01-09T20:17:00
914,1046,101.62,JPY,2024-01-30T16:24:00
915,1025,174.22,USD,2024-01-17T20:22:00
342,1014,445.8,GBP,2024-01-01T02:06:00
917,1034,386.59,EUR,2024-01-02T08:10:00
918,1032,406.44,USD,2024-01-09T12:10:00
919,1022,253.97,GBP,2024-01-18T07:00:00
920,1013,363.48,JPY,2024-01-02T05:43:00
921,1030,98.12,EUR,not-a-timestamp
766,1048,375.47,JPY,2024-01-01T01:23:00
923,1046,454.98,EUR,2024-01-27T00:13:00
924,1008,398.77,EUR,2024-01-11T03:01:00
648,1029,422.51,USD,2024-01-05T18:18:00
926,1043,247.99,USD,not-a-timestamp
221,1042,205.48,EUR,2024-01-25T22:21:00
677,1040,84.19,JPY,2024-01-22T04:00:00
929,1017,400.39,EUR,2024-01-02T03:36:00
930,1036,114.23,GBP,2024-01-17T08:45:00
931,1044,476.08,USD,2024-01-05T09:07:00
932,1003,361.94,JPY,2024-01-19T08:47:00
933,1045,61.73,USD,2024-01-11T07:19:00
934,1014,172.52,GBP,2024-01-03T22:46:00
935,1005,261.41,JPY,2024-01-07T19:46:00
255,1003,21.84,GBP,2024-01-01T09:05:00
937,1017,257.97,GBP,2024-01-07T15:33:00
938,1017,241.65,JPY,2024-01-06T15:48:00
939,1014,68.75,USD,2024-01-19T07:46:00
940,1041,228.36,JPY,2024-01-13T06:45:00
941,1023,231.92,JPY,2024-01-13T20:22:00
942,1024,432.09,USD,2024-01-12T06:40:00
943,1004,406.4,EUR,2024-01-19T13:32:00
944,1001,378.6,GBP,2024-01-16T16:31:00
945,1040,462.29,USD,2024-01-20T17:56:00
946,1001,455.64,EUR,2024-01-02T21:21:00
947,1047,319.49,EUR,2024-01-13T19:51:00
948,1019,350.28,EUR,2024-01-02T02:51:00
949,1020,430.89,GBP,2024-01-24T00:17:00
950,1032,345.35,EUR,2024-01-09T17:10:00
951,1021,314.19,USD,2024-01-17T09:05:00
952,1038,24.98,EUR,2024-01-12T02:45:00
953,1028,86.54,USD,2024-01-18T11:36:00
954,1018,177.83,GBP,2024-01-13T21:01:00
955,1043,93.09,EUR,2024-01-25T05:30:00
63,1037,479.66,USD,2024-01-17T03:37:00
957,1017,247.61,EUR,2024-01-24T22:22:00
958,1018,258.86,GBP,2024-01-21T08:31:00
959,1024,263.86,USD,2024-01-24T13:36:00
960,1024,149.02,JPY,2024-01-08T17:37:00
961,1028,-384.34,USD,2024-01-19T08:04:00
711,1041,345.24,JPY,2024-01-11T06:48:00
963,1017,53,JPY,2024-01-14T00:17:00
964,1007,221.44,USD,2024-01-05T18:58:00
965,1022,291.66,JPY,2024-01-07T01:59:00
934,1025,67.1,USD,2024-01-09T11:11:00
967,1034,367.07,ABC,2024-01-17T08:30:00
968,1029,75.35,GBP,2024-01-12T03:09:00
969,1050,220.49,GBP,2024-01-22T20:12:00
970,1013,164.68,JPY,2024-01-10T22:28:00
971,1016,63.52,USD,2024-01-18T10:14:00
972,1017,235.76,GBP,2024-01-18T16:55:00
973,1038,292.42,GBP,2024-01-21T10:41:00
974,1033,329.98,GBP,2024-01-13T04:58:00
975,1003,183.71,USD,2024-01-28T22:03:00
976,1008,243.88,USD,2024-01-15T20:24:00
977,1046,58.29,USD,2024-01-01T10:50:00
978,1032,205,EUR,2024-01-25T09:26:00
341,1031,445.26,EUR,2024-01-07T06:44:00
980,1037,240.77,USD,2024-01-20T02:45:00
981,1035,244.48,EUR,2024-01-20T13:11:00
982,1022,25.42,USD,2024-01-26T08:58:00
983,1003,227.76,EUR,2024-01-23T11:35:00
984,1005,336.66,GBP,2024-01-09T05:27:00
985,1008,7.42,EUR,2024-01-03T19:14:00
986,1003,96.44,JPY,2024-01-16T02:32:00
987,1034,6.84,USD,2024-01-17T15:05:00
988,1001,62.85,JPY,2024-01-19T00:43:00
989,1050,485.41,GBP,2024-01-06T00:15:00
990,1020,80.68,JPY,2024-01-13T06:51:00
991,1043,107.97,EUR,2024-01-16T19:07:00
992,1049,283.06,EUR,2024-01-15T05:23:00
993,1021,16.54,EUR,2024-01-20T18:11:00
994,1019,487.87,EUR,2024-01-28T14:40:00
995,1021,314.8,GBP,2024-01-15T13:55:00
996,1048,46.93,JPY,2024-01-08T09:07:00
997,1017,141.28,USD,2024-01-30T00:55:00
998,1040,145.18,USD,not-a-timestamp
999,1035,95.37,GBP,2024-01-05T19:49:00
857,1007,480.07,USD,2024-01-12T13:43:00
1001,1001,168.99,JPY,2024-01-01T20:08:00
1002,1004,388.29,GBP,2024-01-20T21:51:00
1003,1020,372.24,EUR,2024-01-02T18:17:00
1004,1025,497.22,GBP,2024-01-13T02:35:00
1005,1045,384.81,GBP,2024-01-11T21:14:00
1006,1022,470.73,GBP,2024-01-11T21:30:00
1007,1031,471.4,EUR,2024-01-20T06:36:00
1008,1022,282.76,JPY,2024-01-24T23:44:00
1009,1012,324.49,EUR,2024-01-29T21:07:00
1010,1014,207.33,JPY,2024-01-27T23:20:00
1011,1015,322.81,EUR,2024-01-11T20:24:00
1012,1010,372.24,JPY,2024-01-18T20:34:00
1013,1046,381.62,JPY,2024-01-22T11:48:00
1014,1034,435.46,GBP,not-a-timestamp
1015,1020,53.69,USD,not-a-timestamp
1016,1030,276.14,GBP,2024-01-11T02:21:00
1017,1041,380.08,GBP,2024-01-27T23:10:00
1018,1011,38.7,EUR,2024-01-26T03:37:00
1019,1040,77.85,USD,2024-01-26T23:03:00
1020,1008,181.51,JPY,2024-01-25T18:56:00
1021,1008,50.88,EUR,2024-01-19T07:12:00
1022,1026,270.05,EUR,2024-01-12T05:39:00
1023,1007,84.18,JPY,2024-01-27T21:19:00
1024,1019,54.27,GBP,2024-01-07T02:18:00
1025,1025,105.3,EUR,2024-01-07T15:46:00
1026,1022,31.19,GBP,2024-01-01T20:08:00
1027,1018,470.35,EUR,2024-01-13T09:13:00
1028,1001,10.16,USD,2024-01-25T11:54:00
1029,1017,362.59,EUR,2024-01-28T21:50:00
1030,1029,469.66,GBP,2024-01-06T17:46:00
789,1024,369.49,JPY,2024-01-06T22:39:00
1032,1004,57.08,USD,2024-01-22T03:42:00
1033,1028,41.37,GBP,2024-01-10T22:28:00
1034,1043,412.38,JPY,2024-01-07T15:56:00
1035,1023,325.27,EUR,2024-01-06T18:05:00
1036,1020,419.43,GBP,2024-01-14T08:01:00
1037,1024,213.86,GBP,2024-01-08T20:53:00
1038,1016,84.42,EUR,2024-01-26T22:47:00
892,1003,360.55,JPY,2024-01-29T02:40:00
1040,1031,45.12,GBP,2024-01-30T19:45:00
1041,1014,227.38,GBP,2024-01-15T02:21:00
1042,1033,15.84,JPY,2024-01-15T02:01:00
1043,1022,303.23,GBP,2024-01-22T14:37:00
1044,1049,415.17,GBP,2024-01-07T14:05:00
505,1048,-10.2,USD,2024-01-25T13:41:00
1046,1042,354.96,GBP,2024-01-04T00:56:00
1047,1028,82.32,GBP,2024-01-02T08:13:00
1048,1027,369.51,USD,2024-01-21T14:24:00
1049,1038,218.48,EUR,2024-01-20T06:25:00
1050,1009,278.19,USD,2024-01-20T11:30:00
1051,1027,421.13,EUR,2024-01-01T17:58:00
1052,1040,191.11,JPY,2024-01-29T04:52:00
1053,1039,41.2,JPY,2024-01-27T00:00:00
1054,1022,152.9,EUR,2024-01-14T23:55:00
1055,1007,33.35,GBP,2024-01-21T00:57:00
996,1043,457.01,USD,2024-01-10T20:04:00
1057,1026,430.48,USD,2024-01-02T10:28:00
1058,1010,114.9,JPY,2024-01-30T13:02:00
1059,1009,375.09,XXX,2024-01-25T05:54:00
1060,1043,-283.03,USD,2024-01-04T16:49:00
1061,1035,392.04,JPY,2024-01-01T16:09:00
1062,1020,,GBP,2024-01-09T05:18:00
1063,1017,495.79,EUR,2024-01-26T13:13:00
1064,1018,314.71,EUR,2024-01-06T15:27:00
1065,1009,46.17,GBP,2024-01-25T11:27:00
1066,1008,125.06,USD,not-a-timestamp
1067,1033,108.39,GBP,2024-01-20T21:57:00
1068,1029,100.49,USD,2024-01-09T18:14:00
1069,1017,37.16,USD,2024-01-24T19:08:00
1070,1048,261.53,EUR,2024-01-23T01:31:00
1071,1050,387.04,USD,2024-01-03T22:42:00
1072,1027,8.4,EUR,2024-01-24T22:27:00
1073,1028,186.62,EUR,2024-01-17T17:37:00
1074,1044,207.18,EUR,2024-01-29T18:17:00
1075,1007,327.55,JPY,2024-01-27T05:51:00
1076,1019,199.5,GBP,2024-01-18T19:26:00
1077,1020,59.93,USD,2024-01-01T19:57:00
1078,1019,,EUR,2024-01-18T12:31:00
1079,1023,157.84,GBP,2024-01-06T16:37:00
1080,1020,280.09,EUR,2024-01-02T03:40:00
1081,1026,417.9,USD,2024-01-04T17:03:00
1082,1024,400.88,JPY,2024-01-08T09:25:00
1083,1043,452.83,USD,2024-01-12T02:08:00
1084,1004,351.4,GBP,2024-01-06T15:56:00
1085,1038,197.19,GBP,2024-01-07T15:27:00
1086,1034,175.02,JPY,2024-01-04T05:43:00
1087,1028,154.4,USD,2024-01-22T14:17:00
1088,1002,134.05,JPY,2024-01-20T21:46:00
1089,1041,,GBP,2024-01-05T07:40:00
99,1049,389.91,EUR,not-a-timestamp
1091,1023,204.98,EUR,2024-01-14T23:04:00
1092,1047,124.61,EUR,2024-01-01T16:41:00
951,1004,87.8,GBP,2024-01-30T08:49:00
1094,1001,36.55,GBP,2024-01-23T16:18:00
1095,1027,127.63,GBP,2024-01-30T05:08:00
1096,1019,223.85,GBP,2024-01-06T01:36:00
1097,1033,27.5,USD,2024-01-26T03:22:00
1098,1030,104.96,GBP,2024-01-30T22:08:00
1099,1049,224.07,USD,2024-01-18T10:00:00
1100,1003,324.64,GBP,2024-01-27T05:06:00
1101,1025,3.06,USD,2024-01-25T17:05:00
1102,1001,,EUR,2024-01-02T00:24:00
1103,1018,141.59,EUR,2024-01-08T01:31:00
1104,1003,381.11,USD,2024-01-24T03:08:00
1105,1038,99.67,EUR,2024-01-26T10:19:00
1106,1035,-64,USD,2024-01-11T17:03:00
1107,1028,209.6,EUR,2024-01-17T15:51:00
1108,1003,443.5,JPY,2024-01-13T08:25:00
1109,1024,237.66,GBP,2024-01-07T18:15:00
1110,1023,202.27,EUR,2024-01-29T14:54:00
1111,1033,109.47,GBP,2024-01-05T21:11:00
1112,1006,122.94,EUR,2024-01-21T15:19:00
1113,1043,222.26,JPY,2024-01-03T11:05:00
1114,1048,341.91,GBP,2024-01-19T10:21:00
1115,1006,346.83,JPY,2024-01-30T20:48:00
1116,1024,160.34,USD,2024-01-11T05:13:00
1117,1016,340.3,JPY,2024-01-15T20:21:00
1118,1035,237.32,JPY,not-a-timestamp
1119,1014,410.37,GBP,2024-01-15T19:40:00
1120,1020,347.44,GBP,2024-01-11T15:08:00
1121,1015,127.52,GBP,2024-01-06T11:35:00
1122,1043,368.94,JPY,2024-01-18T03:25:00
1123,1014,391.81,JPY,2024-01-03T06:24:00
1124,1040,130.7,JPY,2024-01-03T14:45:00
1125,1045,305.23,USD,2024-01-01T03:07:00
1126,1016,418.17,GBP,2024-01-04T11:35:00
1127,1013,8.93,JPY,2024-01-05T16:27:00
1128,1044,75.08,GBP,2024-01-10T07:23:00
1129,1040,345.39,GBP,2024-01-18T21:52:00
1130,1015,5.01,GBP,2024-01-14T13:55:00
1131,1030,359.26,JPY,2024-01-18T17:15:00
1132,1008,4.79,EUR,2024-01-13T18:47:00
1133,1029,404.54,EUR,2024-01-15T04:46:00
1134,1015,431.21,JPY,2024-01-08T21:43:00
1135,1017,161.2,EUR,2024-01-15T00:32:00
1136,1044,77.37,USD,2024-01-23T15:51:00
1137,1018,71.45,USD,2024-01-25T17:46:00
1138,1039,110.67,JPY,2024-01-20T09:57:00
1139,1002,57.61,EUR,2024-01-26T09:09:00
1140,1010,451.66,EUR,2024-01-27T15:20:00
1141,1041,124.42,EUR,2024-01-16T11:43:00
782,1047,51.96,EUR,not-a-timestamp
1143,1034,457.48,USD,2024-01-26T15:44:00
1144,1043,349.74,JPY,2024-01-10T21:31:00
672,1024,473.95,EUR,2024-01-12T11:50:00
1146,1028,107.18,USD,2024-01-27T13:55:00
1147,1039,431.9,USD,2024-01-09T02:20:00
1148,1032,90.81,USD,2024-01-21T06:32:00
1149,1014,478.89,GBP,2024-01-22T09:31:00
1150,1010,482.34,USD,2024-01-17T16:06:00
1151,1032,84.02,USD,2024-01-07T18:52:00
579,1042,319.92,EUR,2024-01-14T11:27:00
1153,1030,494.03,USD,2024-01-28T05:08:00
1154,1047,289.83,USD,2024-01-01T09:49:00
1155,1042,304.73,GBP,2024-01-28T10:27:00
1156,1041,307.86,USD,2024-01-20T16:08:00
1157,1025,68.35,USD,2024-01-06T19:00:00
1158,1011,409.63,JPY,2024-01-20T16:45:00
1159,1025,492.19,JPY,2024-01-23T17:10:00
1160,1047,292.93,JPY,2024-01-19T05:20:00
1161,1023,94.75,EUR,2024-01-28T10:17:00
1162,1013,178.71,JPY,2024-01-01T15:46:00
1163,1023,233.32,USD,2024-01-27T06:50:00
1164,1017,179.18,JPY,not-a-timestamp
1165,1036,147.36,USD,2024-01-13T17:24:00
1166,1034,457.73,EUR,2024-01-07T09:42:00
1167,1046,241.4,GBP,not-a-timestamp
1168,1012,140.54,USD,2024-01-27T05:36:00
1169,1049,197.68,GBP,2024-01-07T22:40:00
1170,1014,431.9,JPY,2024-01-30T21:58:00
1171,1017,92.68,EUR,2024-01-16T06:43:00
1172,1037,342.65,GBP,2024-01-08T09:58:00
1173,1028,477.79,EUR,2024-01-29T19:39:00
1174,1026,42.7,USD,2024-01-22T03:54:00
1175,1042,165.42,GBP,2024-01-15T00:05:00
1176,1004,185.54,JPY,not-a-timestamp
1177,1030,260.95,JPY,2024-01-10T20:54:00
1178,1037,-173.61,JPY,2024-01-21T21:55:00
1179,1009,30.96,JPY,2024-01-21T21:43:00
1180,1027,304.53,USD,2024-01-28T19:48:00
1181,1035,137.45,ABC,2024-01-23T00:48:00
616,1011,380.18,EUR,2024-01-05T22:40:00
1183,1001,418.9,JPY,2024-01-09T10:37:00
1184,1018,425.88,USD,2024-01-03T11:25:00
1185,1025,25.07,EUR,2024-01-08T19:05:00
1186,1023,-54.49,USD,2024-01-21T15:17:00
1187,1038,402.32,USD,2024-01-26T22:17:00
1188,1001,25.97,JPY,2024-01-02T11:57:00
1189,1023,340.15,GBP,2024-01-02T22:32:00
1190,1008,248.31,GBP,2024-01-01T23:30:00
1191,1010,371.8,GBP,2024-01-12T04:57:00
1192,1049,393.67,JPY,2024-01-11T16:33:00
1193,1035,28.34,EUR,2024-01-17T02:05:00
1194,1017,110.32,EUR,2024-01-29T13:44:00
1195,1045,313.88,JPY,2024-01-13T14:15:00
68,1033,100.9,JPY,2024-01-15T09:48:00
1197,1033,328.01,GBP,2024-01-01T11:34:00
1198,1020,94.99,EUR,2024-01-10T19:50:00
1199,1006,191.83,USD,2024-01-08T03:48:00
1200,1027,345.5,JPY,2024-01-24T05:37:00
1201,1005,346.1,JPY,2024-01-30T15:36:00
1202,1039,179.7,GBP,2024-01-24T11:12:00
1203,1035,315.86,JPY,2024-01-26T19:43:00
1204,1010,488.31,USD,2024-01-13T13:54:00
1205,1029,412.21,EUR,2024-01-30T19:04:00
1206,1018,20.26,JPY,2024-01-15T11:13:00
1207,1030,339.82,EUR,2024-01-20T22:24:00
1208,1035,473.48,USD,2024-01-17T20:07:00
1209,1048,310.37,JPY,2024-01-27T18:38:00
1210,1040,5.48,EUR,2024-01-03T10:12:00
1211,1002,150.79,GBP,2024-01-27T12:25:00
1212,1022,360.05,USD,2024-01-12T13:28:00
1213,1002,480.43,GBP,2024-01-03T09:35:00
1214,1031,93.83,EUR,2024-01-10T01:31:00
1215,1016,312.03,JPY,2024-01-07T07:13:00
1216,1017,206.96,EUR,2024-01-26T12:03:00
1217,1016,473.95,JPY,2024-01-14T19:22:00
1218,1043,453.8,EUR,2024-01-05T07:22:00
203,1045,64.39,USD,2024-01-19T19:47:00
1220,1020,382.5,GBP,2024-01-06T02:43:00
1221,1020,330.55,JPY,2024-01-30T05:11:00
1222,1028,215.97,GBP,2024-01-17T03:52:00
363,1008,431.09,GBP,2024-01-18T04:25:00
1224,1031,140.96,GBP,2024-01-28T00:29:00
1225,1042,16.03,USD,2024-01-26T16:53:00
1226,1008,412.85,USD,2024-01-02T01:29:00
1227,1005,90.75,GBP,2024-01-04T21:16:00
1228,1019,206.93,USD,2024-01-03T09:23:00
1229,1042,491.45,USD,2024-01-02T12:13:00
1230,1049,354.61,USD,2024-01-25T11:15:00
1231,1027,,EUR,2024-01-19T14:53:00
1232,1017,386.07,EUR,2024-01-19T10:05:00
261,1049,415.87,EUR,2024-01-23T21:35:00
1234,1014,284.91,JPY,2024-01-18T07:20:00
1235,1016,395.12,JPY,2024-01-02T18:10:00
1236,1024,102.29,USD,2024-01-15T13:25:00
1237,1016,72.57,JPY,2024-01-28T22:26:00
1238,1017,459.52,JPY,2024-01-15T23:24:00
1239,1044,105.53,GBP,2024-01-23T14:24:00
1240,1007,137.58,EUR,2024-01-20T01:26:00
1241,1026,443.26,USD,2024-01-09T09:01:00
1242,1036,103.72,GBP,2024-01-23T08:13:00
1243,1041,353.51,JPY,2024-01-17T09:33:00
1244,1008,-250.37,EUR,2024-01-27T13:09:00
1245,1037,324.81,GBP,2024-01-22T21:53:00
1246,1003,65.31,JPY,2024-01-23T08:47:00
1247,1044,165.59,USD,2024-01-11T08:53:00
1248,1043,79.55,USD,2024-01-18T00:16:00
1249,1019,494.58,EUR,2024-01-23T23:22:00
1250,1016,,EUR,2024-01-17T12:58:00
1251,1006,286.72,USD,2024-01-09T07:19:00
1252,1050,449.35,GBP,2024-01-01T14:44:00
1253,1003,92.9,USD,2024-01-14T22:03:00
1254,1032,129.58,USD,2024-01-26T23:32:00
1255,1012,463.86,USD,2024-01-22T15:07:00
1256,1002,149.18,JPY,2024-01-29T06:29:00
1257,1006,137.8,GBP,2024-01-20T06:08:00
1258,1034,2.35,USD,2024-01-30T05:26:00
1259,1009,157.23,USD,2024-01-10T17:15:00
1260,1008,488.79,EUR,2024-01-18T03:12:00
1261,1031,162.67,EUR,2024-01-06T10:16:00
1262,1019,219.46,USD,2024-01-01T13:22:00
1263,1044,200.11,USD,2024-01-05T05:23:00
1264,1043,227.97,EUR,2024-01-18T05:25:00
1265,1018,496.71,JPY,2024-01-15T15:45:00
1266,1033,13.06,EUR,2024-01-17T05:32:00
1267,1019,55.25,JPY,2024-01-11T02:03:00
1268,1044,323.32,USD,2024-01-20T10:58:00
1269,1020,450.8,EUR,2024-01-28T19:37:00
1270,1040,227.34,XXX,2024-01-02T22:15:00
1271,1033,203.67,USD,2024-01-15T23:41:00
1272,1039,174.94,GBP,2024-01-08T02:52:00
1273,1047,432.43,USD,2024-01-23T22:42:00
1274,1035,485.85,JPY,2024-01-16T20:23:00
1275,1044,252.95,EUR,2024-01-29T16:59:00
1276,1027,178.47,USD,2024-01-11T17:51:00
1277,1049,134.13,USD,not-a-timestamp
1278,1035,489.94,JPY,2024-01-25T10:10:00
1279,1011,418.97,GBP,2024-01-09T03:08:00
1280,1029,130.07,JPY,2024-01-28T16:21:00
1281,1010,230.92,JPY,2024-01-04T09:40:00
1282,1046,265.1,GBP,2024-01-28T01:32:00
1283,1001,495.33,EUR,2024-01-02T20:40:00
1284,1030,201.4,JPY,2024-01-06T10:52:00
135,1013,86.44,JPY,2024-01-14T03:12:00
943,1046,201.85,USD,2024-01-16T05:26:00
1287,1035,18.76,EUR,2024-01-04T05:25:00
1288,1020,145.12,USD,2024-01-14T18:58:00
1289,1025,284.01,JPY,2024-01-10T19:56:00
1290,1006,122.36,USD,2024-01-29T23:33:00
1291,1005,297.45,JPY,2024-01-30T14:37:00
1292,1034,18.12,EUR,2024-01-08T09:52:00
1293,1016,151.65,ABC,2024-01-30T03:19:00
1294,1044,302.26,JPY,2024-01-27T02:38:00
1295,1002,3.99,USD,2024-01-03T06:23:00
1296,1027,36.32,USD,2024-01-19T15:11:00
1297,1007,423.92,JPY,2024-01-29T15:03:00
1298,1046,302.59,USD,2024-01-18T03:05:00
1299,1044,107.77,JPY,2024-01-19T09:20:00
1300,1022,278.71,EUR,2024-01-09T05:24:00
1301,1018,437.11,GBP,2024-01-07T05:24:00
1302,1001,410.97,USD,2024-01-15T02:46:00
1303,1020,362.69,USD,2024-01-08T02:12:00
1304,1042,230.88,GBP,2024-01-30T19:14:00
1305,1036,396.18,JPY,2024-01-13T01:52:00
1306,1047,,USD,2024-01-03T18:55:00
1307,1033,261.57,GBP,2024-01-23T13:01:00
1308,1009,231.23,GBP,2024-01-18T07:03:00
1309,1045,100.56,GBP,2024-01-12T06:53:00
1310,1046,-374.45,EUR,2024-01-21T13:42:00
1311,1047,253.87,JPY,2024-01-14T11:55:00
1111,1015,220.34,GBP,2024-01-17T06:42:00
1313,1043,341.19,EUR,2024-01-08T04:53:00
1314,1044,308.88,GBP,2024-01-18T09:35:00
1315,1033,320.46,USD,2024-01-21T18:48:00
1316,1046,76.83,USD,2024-01-21T11:35:00
1317,1036,155.17,JPY,2024-01-19T19:45:00
1318,1035,343.59,JPY,2024-01-13T19:04:00
1319,1047,,EUR,2024-01-10T19:45:00
1320,1003,318.7,EUR,2024-01-01T17:30:00
487,1034,134.8,USD,2024-01-13T21:12:00
1322,1011,247.76,GBP,2024-01-30T17:45:00
1323,1028,-380.02,GBP,2024-01-13T06:24:00
1324,1035,239.85,EUR,2024-01-19T21:35:00
1325,1043,453.16,USD,2024-01-12T00:21:00
1326,1039,498.64,EUR,2024-01-16T06:21:00
1327,1001,142.08,USD,2024-01-11T20:36:00
1328,1036,473.33,USD,2024-01-19T00:13:00
719,1017,149.44,GBP,2024-01-26T05:44:00
1330,1010,304.08,GBP,2024-01-04T21:01:00
1331,1015,354.38,JPY,2024-01-06T16:27:00
1332,1014,218.45,GBP,2024-01-06T00:02:00
1333,1001,126.47,GBP,2024-01-19T21:25:00
1334,1018,361.58,EUR,2024-01-19T23:38:00
1335,1046,63.94,GBP,2024-01-24T06:28:00
1336,1018,337.39,GBP,2024-01-29T16:11:00
1337,1002,312.57,EUR,2024-01-30T17:19:00
1338,1038,284.66,JPY,2024-01-24T10:26:00
1339,1037,205.15,GBP,2024-01-17T17:07:00
1340,1020,89.58,USD,2024-01-11T18:59:00
1341,1038,287.42,GBP,2024-01-18T23:01:00
1342,1047,,EUR,2024-01-07T02:33:00
1343,1006,443.48,EUR,2024-01-22T02:39:00
1344,1010,489.52,EUR,2024-01-22T03:26:00
1345,1011,304.38,USD,2024-01-26T09:11:00
1346,1036,85.22,USD,2024-01-30T04:03:00
1347,1017,47.29,GBP,2024-01-12T08:00:00
1348,1037,454.37,JPY,2024-01-21T03:05:00
1349,1014,,JPY,2024-01-01T21:22:00
1350,1045,410.44,GBP,2024-01-21T13:08:00
1351,1045,397.66,EUR,2024-01-20T12:38:00
1352,1034,490.36,GBP,2024-01-16T10:08:00
1353,1022,312.7,GBP,2024-01-01T07:47:00
1354,1016,193.38,GBP,2024-01-14T00:15:00
1355,1047,423.33,EUR,2024-01-12T11:56:00
1356,1042,276.81,JPY,2024-01-02T13:17:00
1357,1014,116.99,JPY,2024-01-27T22:32:00
1358,1032,238.57,GBP,2024-01-17T13:22:00
519,1047,403.22,USD,2024-01-26T20:27:00
1360,1001,477.72,EUR,2024-01-14T14:18:00
1361,1004,455.03,GBP,2024-01-18T12:53:00
1362,1042,345.56,JPY,2024-01-28T02:06:00
1363,1020,12.89,USD,2024-01-04T17:12:00
1364,1024,252.19,GBP,2024-01-24T06:00:00
1365,1007,208.15,GBP,2024-01-04T01:57:00
1366,1008,-239.9,USD,2024-01-28T03:38:00
1367,1042,67.28,USD,2024-01-13T02:12:00
1368,1036,384.59,USD,2024-01-02T13:32:00
1369,1026,382.34,GBP,2024-01-14T12:29:00
1370,1031,106.17,USD,2024-01-20T14:14:00
1371,1021,217.46,JPY,2024-01-07T12:23:00
1372,1007,179.51,EUR,2024-01-25T04:36:00
1373,1047,462.77,USD,2024-01-17T11:57:00
1118,1044,312.35,USD,2024-01-29T21:24:00
1375,1010,91.22,USD,2024-01-18T12:32:00
155,1023,366.55,GBP,2024-01-07T03:47:00
1377,1018,466.49,USD,2024-01-24T10:58:00
1378,1042,498.77,EUR,2024-01-04T11:31:00
1379,1010,349.65,EUR,2024-01-04T22:50:00
1380,1013,192.04,GBP,2024-01-22T00:31:00
1381,1010,289.82,GBP,2024-01-04T22:26:00
1382,1018,206.11,JPY,2024-01-30T11:53:00
1383,1024,349.1,EUR,2024-01-20T22:03:00
1384,1009,414.91,USD,2024-01-30T17:59:00
1385,1042,379.32,JPY,2024-01-29T08:25:00
1386,1030,109.41,USD,2024-01-03T06:42:00
1387,1047,414.47,GBP,2024-01-03T20:26:00
1388,1031,212.93,EUR,2024-01-22T01:25:00
1389,1034,448.05,EUR,2024-01-26T21:17:00
1390,1026,113.67,EUR,2024-01-28T18:11:00
1391,1030,137.6,GBP,2024-01-17T09:32:00
1392,1002,29.89,GBP,2024-01-29T06:47:00
1393,1004,39.28,EUR,2024-01-08T09:45:00
1394,1002,2.03,EUR,2024-01-01T13:21:00
1395,1015,56.57,EUR,2024-01-23T04:29:00
1396,1014,103.48,JPY,2024-01-17T05:24:00
1397,1034,148.76,EUR,2024-01-11T22:35:00
1398,1025,114.72,JPY,2024-01-17T18:36:00
1399,1017,184.46,EUR,2024-01-04T07:37:00
1400,1027,154.38,USD,2024-01-30T22:12:00
1401,1007,264.07,USD,2024-01-26T23:01:00
1402,1013,457.76,USD,2024-01-28T00:05:00
1403,1011,172.54,USD,2024-01-14T19:00:00
1404,1023,182.57,JPY,2024-01-30T03:52:00
1405,1046,284.71,GBP,2024-01-28T20:28:00
179,1048,3.64,GBP,2024-01-28T01:35:00
1407,1027,56.33,JPY,2024-01-21T12:23:00
237,1014,8.1,GBP,2024-01-27T00:17:00
1409,1002,467.1,EUR,2024-01-14T06:22:00
1410,1002,268.73,USD,2024-01-05T11:09:00
1411,1033,56.24,JPY,2024-01-11T17:59:00
1412,1027,357.98,USD,2024-01-11T10:47:00
1413,1048,78.35,XXX,2024-01-03T01:48:00
1414,1050,86.28,JPY,2024-01-23T13:59:00
1415,1008,424.8,EUR,2024-01-24T01:03:00
1416,1048,28.74,JPY,2024-01-28T21:40:00
1417,1002,106.77,GBP,2024-01-24T02:59:00
1418,1039,142.9,USD,2024-01-13T04:26:00
1419,1007,389.79,USD,2024-01-12T16:58:00
1420,1001,370.15,JPY,2024-01-10T11:22:00
1421,1006,496.77,JPY,2024-01-25T09:51:00
1422,1037,399.04,GBP,2024-01-05T23:15:00
1423,1033,311.3,GBP,2024-01-10T14:55:00
1424,1032,180.79,USD,2024-01-06T00:20:00
1425,1044,464.46,JPY,2024-01-22T23:26:00
1426,1010,406.31,ABC,2024-01-11T02:50:00
1427,1043,92.33,GBP,2024-01-20T09:22:00
1428,1002,444.52,USD,2024-01-04T09:47:00
1429,1034,337.22,GBP,2024-01-07T01:18:00
1430,1038,466.1,GBP,2024-01-02T05:37:00
1431,1016,,USD,2024-01-20T03:38:00
1432,1039,362.57,JPY,2024-01-27T00:56:00
1433,1037,162.43,USD,2024-01-12T06:57:00
1434,1011,44.37,JPY,2024-01-20T10:14:00
1435,1026,309.61,USD,2024-01-03T04:06:00
293,1005,491.67,USD,2024-01-10T23:39:00
1437,1046,1.08,EUR,2024-01-15T19:29:00
1438,1040,143.58,JPY,2024-01-29T21:27:00
1439,1019,380.43,GBP,2024-01-21T00:13:00
1137,1018,499.43,GBP,2024-01-29T23:14:00
1441,1018,483.32,EUR,2024-01-04T10:38:00
1442,1007,295.58,GBP,2024-01-07T07:56:00
1443,1007,107.56,GBP,2024-01-24T09:01:00
1144,1003,390.1,USD,2024-01-03T03:17:00
1445,1017,320.65,USD,2024-01-01T08:38:00
1446,1036,414.83,EUR,2024-01-16T23:36:00
1447,1003,182.13,USD,2024-01-10T22:01:00
1448,1027,306.69,USD,2024-01-22T03:25:00
268,1018,257.11,USD,2024-01-27T13:22:00
1450,1049,65.44,JPY,2024-01-24T07:54:00
1451,1008,314.65,USD,2024-01-10T02:23:00
1452,1050,493.35,GBP,2024-01-07T21:17:00
1453,1014,495.42,USD,2024-01-02T22:02:00
1454,1042,197.02,EUR,2024-01-05T20:56:00
1455,1013,189.85,JPY,2024-01-30T06:02:00
1456,1045,355.12,JPY,2024-01-09T03:40:00
1457,1032,82,EUR,2024-01-11T02:10:00
1458,1047,467.25,USD,2024-01-19T13:39:00
1459,1040,24.6,EUR,2024-01-27T16:42:00
1460,1035,345.63,GBP,2024-01-24T06:06:00
1461,1015,18.4,USD,2024-01-05T07:18:00
1462,1007,,EUR,2024-01-19T16:46:00
1417,1007,254.93,USD,2024-01-17T17:56:00
1464,1017,224.45,GBP,2024-01-09T22:26:00
1465,1024,11.12,GBP,2024-01-20T00:14:00
1466,1012,199.5,JPY,2024-01-29T13:02:00
1167,1041,,USD,2024-01-17T16:28:00
1468,1029,270.36,GBP,2024-01-08T05:01:00
1469,1029,93.87,XXX,2024-01-14T14:44:00
1470,1045,31.35,USD,2024-01-21T02:53:00
1471,1011,409.77,USD,2024-01-19T15:55:00
1472,1002,172.5,GBP,2024-01-14T01:13:00
1473,1050,365.69,GBP,2024-01-11T22:00:00
1474,1033,,JPY,2024-01-04T06:31:00
1475,1022,458.97,USD,2024-01-15T23:52:00
1476,1009,34.19,JPY,2024-01-23T22:40:00
1477,1045,222.99,GBP,2024-01-12T04:24:00
1478,1009,120.31,USD,2024-01-14T01:33:00
1479,1005,53.69,USD,2024-01-04T08:56:00
1480,1029,287.39,EUR,2024-01-01T18:42:00
1481,1007,102.52,EUR,2024-01-29T06:23:00
1482,1006,273,USD,2024-01-10T17:17:00
1483,1008,260.22,JPY,2024-01-13T21:57:00
1484,1017,,USD,2024-01-24T20:09:00
1485,1004,459.74,JPY,2024-01-02T10:46:00
1486,1044,259.95,GBP,2024-01-23T23:21:00
1487,1028,449.82,GBP,2024-01-28T22:34:00
1488,1026,204.55,JPY,2024-01-03T21:57:00
1489,1026,417.3,USD,2024-01-29T13:28:00
1490,1012,73.6,JPY,not-a-timestamp
1491,1032,212.77,USD,2024-01-24T18:02:00
1492,1010,73.22,JPY,2024-01-21T18:03:00
1493,1022,323.26,GBP,2024-01-10T09:10:00
1494,1020,264.68,USD,2024-01-04T03:58:00
1495,1025,200.05,USD,2024-01-15T20:20:00
1496,1030,387.13,EUR,2024-01-30T09:51:00
1497,1016,78.17,EUR,2024-01-29T10:01:00
1498,1016,370.28,EUR,2024-01-28T21:01:00
1499,1048,120.18,GBP,2024-01-27T08:07:00
1500,1017,179.58,EUR,2024-01-07T06:24:00
1501,1017,170.55,EUR,2024-01-07T06:24:00
